canal,rede_uf,recencia_valor,frequencia,valor/qtd
ALIMENTAR,A A AFONSO E CIA LTDA - SP,34.46666666666667,5,2995.16
ALIMENTAR,A ANGELONI E CIA LTDA - SC,0.0,54,37605.46833333333
ALIMENTAR,A C D A IMPORTACAO E EXPORT LTDA - AC,0.0,22,11475.155454545455
ALIMENTAR,A C D A IMPORTACAO E EXPORT LTDA - RO,0.0,17,4723.364117647059
ALIMENTAR,A FEIRITA DISTRIBUIDORA DE PRODUTOS - BA,0.0,30,176895.99433333334
ALIMENTAR,ABV COMERCIO DE ALIMENTOS LTDA - MS,0.0,27,13611.155555555555
ALIMENTAR,ABV COMERCIO DE ALIMENTOS LTDA - SP,0.0,10,4407.721
ALIMENTAR,ADICAO DISTRIBUICAO EXPRESS LTDA - MG,1.0,14,66801.50571428573
ALIMENTAR,AM PM COMESTIVEIS LTDA - PR,2.033333333333333,8,9881.17
ALIMENTAR,AM PM COMESTIVEIS LTDA - RJ,0.0,9,5875.0
ALIMENTAR,AM PM COMESTIVEIS LTDA - RS,2.033333333333333,9,6341.417777777778
ALIMENTAR,AM PM COMESTIVEIS LTDA - SP,2.033333333333333,8,15020.5525
ALIMENTAR,ANDORINHA SUP LTDA - SP,49.7,6,29171.115
ALIMENTAR,ARCOM SA - MG,0.0,38,867503.7063157895
ALIMENTAR,ARIOVALDO COSTA PAULO E CIA LTDA - PR,0.0,50,127111.1978
ALIMENTAR,ARMAZEM MATEUS - MA,0.0,128,127139.94578125
ALIMENTAR,ARMAZEM MATEUS - PA,0.0,39,71955.62256410255
ALIMENTAR,ARMAZEM MATEUS - PI,0.0,40,79456.98325
ALIMENTAR,ATACADAO DISTRIB COM E INDUS LTDA - AC,0.0,10,5859.011
ALIMENTAR,ATACADAO DISTRIB COM E INDUS LTDA - AL,1.0,47,48731.879787234044
ALIMENTAR,ATACADAO DISTRIB COM E INDUS LTDA - AM,0.0,61,33881.587212786886
ALIMENTAR,ATACADAO DISTRIB COM E INDUS LTDA - AP,0.0,33,12735.220303030304
ALIMENTAR,ATACADAO DISTRIB COM E INDUS LTDA - BA,0.0,47,239249.38382978726
ALIMENTAR,ATACADAO DISTRIB COM E INDUS LTDA - CE,0.0,57,58689.93649122808
ALIMENTAR,ATACADAO DISTRIB COM E INDUS LTDA - DF,0.0,63,46520.58571428571
ALIMENTAR,ATACADAO DISTRIB COM E INDUS LTDA - ES,2.033333333333333,31,126999.36096774193
ALIMENTAR,ATACADAO DISTRIB COM E INDUS LTDA - GO,0.0,36,40348.23472222222
ALIMENTAR,ATACADAO DISTRIB COM E INDUS LTDA - MA,0.0,50,16991.5066
ALIMENTAR,ATACADAO DISTRIB COM E INDUS LTDA - MG,0.0,65,114175.67000000001
ALIMENTAR,ATACADAO DISTRIB COM E INDUS LTDA - MS,0.0,41,47662.60634146342
ALIMENTAR,ATACADAO DISTRIB COM E INDUS LTDA - MT,0.0,42,50482.905000000006
ALIMENTAR,ATACADAO DISTRIB COM E INDUS LTDA - PA,0.0,47,43243.097872340426
ALIMENTAR,ATACADAO DISTRIB COM E INDUS LTDA - PB,2.033333333333333,39,44691.126153846155
ALIMENTAR,ATACADAO DISTRIB COM E INDUS LTDA - PE,0.0,64,243731.27390625
ALIMENTAR,ATACADAO DISTRIB COM E INDUS LTDA - PI,0.0,46,14380.72652173913
ALIMENTAR,ATACADAO DISTRIB COM E INDUS LTDA - PR,0.0,56,84213.01321428572
ALIMENTAR,ATACADAO DISTRIB COM E INDUS LTDA - RJ,0.0,63,169476.09142857144
ALIMENTAR,ATACADAO DISTRIB COM E INDUS LTDA - RN,2.033333333333333,44,40683.31204545454
ALIMENTAR,ATACADAO DISTRIB COM E INDUS LTDA - RO,0.0,26,18908.250384615385
ALIMENTAR,ATACADAO DISTRIB COM E INDUS LTDA - RR,0.0,29,9099.31551724138
ALIMENTAR,ATACADAO DISTRIB COM E INDUS LTDA - RS,0.0,59,81747.3020338983
ALIMENTAR,ATACADAO DISTRIB COM E INDUS LTDA - SC,0.0,49,49572.1993877551
ALIMENTAR,ATACADAO DISTRIB COM E INDUS LTDA - SE,1.0,39,57206.51564102564
ALIMENTAR,ATACADAO DISTRIB COM E INDUS LTDA - SP,0.0,77,672773.1505194805
ALIMENTAR,ATACADAO DISTRIB COM E INDUS LTDA - TO,0.0,34,14543.263823529413
ALIMENTAR,ATACADAO SA - BA,0.0,1,66679.6
ALIMENTAR,ATACADAO SA - SP,2.033333333333333,10,3603.793
ALIMENTAR,ATACADISTA SAO PAULO COM E IMP LTDA - SP,0.0,54,12525.98388888889
ALIMENTAR,ATAKAREJO DISTR DE ALIMENTOS E - BA,0.0,50,80211.97020000001
ALIMENTAR,ATITUDE RIO DISTRIBUIDORA LTDA - RJ,5.1,25,31255.396
ALIMENTAR,B P DISTRIBUIDORA LTDA - AM,22.266666666666666,1,5391.7699999999995
ALIMENTAR,BDL DISTRIBUICAO E LOGISTICA LTDA - SC,0.0,40,171695.55725
ALIMENTAR,BH ATACADISTA DISTRIBUIDOR LTDA - DF,0.0,22,27184.62090909091
ALIMENTAR,BISTEK SUPERMERCADOS LTDA - SC,18.266666666666666,33,25233.75606060606
ALIMENTAR,BOCCHI ATACADO LTDA - PR,0.0,45,36286.874
ALIMENTAR,BOMBAY FOOD SERVICE ALIMENTOS LTDA - SP,33.5,21,14276.781904761903
ALIMENTAR,BR SUPPLY COM E DIST DE SUPRIMENTOS - RS,0.0,29,8089.0275862068975
ALIMENTAR,BRASLIMPO COML LTDA - SP,0.0,53,29244.021320754713
ALIMENTAR,BRS SP SUPRIMENTOS CORPORATIVOS - SP,0.0,41,18136.31195121951
ALIMENTAR,CABRAL E SOUZA LTDA - BA,51.733333333333334,4,183544.655
ALIMENTAR,CARVALHO E FERNANDES LTDA - PI,45.7,4,53548.19
ALIMENTAR,CASA DO SACHET LTDA - MS,15.2,7,5282.455714285715
ALIMENTAR,CASA NORTE LTDA - RN,27.366666666666667,1,11381.649999999998
ALIMENTAR,CASA NUNES MARTINS SA IMP EXP LTDA - RJ,5.1,38,8865.427105263158
ALIMENTAR,CASAS GUANABARA COMESTIVEIS LTDA - RJ,51.733333333333334,1,216018.69
ALIMENTAR,CDA EMPRESA CARIOCA DISTR ALIMENTOS - RJ,0.0,39,11063.184871794872
ALIMENTAR,CDI BARRA PROD IMP E EXP LTDA - RJ,0.0,58,36020.21103448276
ALIMENTAR,CDI BARRA PROD IMP E EXP LTDA - SP,0.0,16,14240.2925
ALIMENTAR,CENCOSUD - BA,0.0,59,38385.50542372881
ALIMENTAR,CENCOSUD - CE,0.0,25,5728.5704000000005
ALIMENTAR,CENCOSUD - GO,0.0,44,12671.98090909091
ALIMENTAR,CENCOSUD - MG,0.0,52,34218.21076923077
ALIMENTAR,CENCOSUD - PE,49.7,2,6376.164999999999
ALIMENTAR,CENCOSUD - RJ,0.0,62,129739.43258064517
ALIMENTAR,CENCOSUD - SE,0.0,57,38215.67315789474
ALIMENTAR,CENTRAL DE DISTRIB OFERTAO DE ALIM - RS,0.0,58,108122.14293103448
ALIMENTAR,CEREALISTA NOVA SAFRA LTDA - MG,8.133333333333333,24,4713.319166666667
ALIMENTAR,CIA ZAFFARI COM E IND - RS,0.0,74,103874.09567567568
ALIMENTAR,CIA ZAFFARI COM E IND - SP,0.0,57,16789.70666666667
ALIMENTAR,COIMBRA IMPORT E EXPORT LTDA - RO,0.0,33,18185.358787878788
ALIMENTAR,COM ESPERANCA ATAC DISTR LTDA - SP,0.0,61,369895.10918032785
ALIMENTAR,COMERCIAL ALIMENTICIA PULMER LTDA - SP,0.0,72,273380.6711111111
ALIMENTAR,COMERCIAL CARAPA DE SECOS E MOLHADO - MT,0.0,13,6761.915384615384
ALIMENTAR,COMERCIAL DAHANA E MULTI FORMATO DIST - MG,0.0,23,42126.77347826087
ALIMENTAR,COMERCIAL DE ALIMENTOS ESTHAMPA - MG,16.233333333333334,6,52584.05333333334
ALIMENTAR,COMERCIAL DE ALIMENTOS SAN MARTIM - BA,4.066666666666666,46,84406.30652173913
ALIMENTAR,COML ZARAGOZA IMP E EXP LTDA - RJ,0.0,31,19337.395806451612
ALIMENTAR,COML ZARAGOZA IMP E EXP LTDA - SP,0.0,48,298555.9841666667
ALIMENTAR,COMPACTA COMERCIAL LTDA - MT,0.0,10,12427.382
ALIMENTAR,COMPRE FACIL COM DE PRODS ALIM LTDA - SP,0.0,49,180640.01142857145
ALIMENTAR,CONCORDE LOGISTICA E DIST LTDA - PR,1.0,35,5959.420857142857
ALIMENTAR,CONDOR SUPER CENTER LTDA - PR,0.0,68,129755.51411764705
ALIMENTAR,CONTINENTAL BOM DIA DISTR DE PROD - SP,0.0,18,13107.97388888889
ALIMENTAR,COOP COOPERATIVA DE CONSUMO - SP,0.0,55,74547.84036363637
ALIMENTAR,DAVO SUPERMERCADOS LTDA - SP,0.0,57,28622.585789473684
ALIMENTAR,DECMINAS DISTRIBUICAO E LOGISTICA - BA,40.6,1,20925.0
ALIMENTAR,DEL MORO E DEL MORO LTDA - MT,0.0,40,10357.151249999999
ALIMENTAR,DESTRO BRASIL DISTRIBUICAO LTDA - PR,0.0,59,209611.87322033898
ALIMENTAR,DESTRO BRASIL DISTRIBUICAO LTDA - RS,48.7,1,19833.75
ALIMENTAR,DESTRO BRASIL DISTRIBUICAO LTDA - SP,0.0,58,349006.02068965515
ALIMENTAR,DIA A DIA SUPER ATACADO LTDA - RN,26.366666666666667,3,10735.553333333333
ALIMENTAR,DIA DISTR E IMP AFOGADOS LTDA - PE,0.0,68,273297.8254411765
ALIMENTAR,DISDAL DISTR DE ALIM LTDA - RO,23.3,16,27090.04625
ALIMENTAR,DISTRIB DE ALIM PONTO DE BALA - MG,24.333333333333332,13,13620.091538461538
ALIMENTAR,DISTRIB E IMP IRMAOS AVELINO S A - SP,1.0,47,34875.60638297872
ALIMENTAR,DISTRIBUIDORA OK LTDA - SC,1.0,5,39948.528
ALIMENTAR,DISTRILOBO REPRESENTACOES DE PRODU - PR,0.0,59,148341.36983050848
ALIMENTAR,DMA DISTRIBUIDORA SA - ES,0.0,2,26465.29
ALIMENTAR,DPC DISTRIB ATACADISTA SA - AL,32.46666666666667,9,15148.702222222222
ALIMENTAR,DPC DISTRIB ATACADISTA SA - BA,0.0,50,67237.175
ALIMENTAR,DPC DISTRIB ATACADISTA SA - ES,33.5,7,34806.74285714286
ALIMENTAR,DPC DISTRIB ATACADISTA SA - MG,0.0,50,234770.6596
ALIMENTAR,DPC DISTRIB ATACADISTA SA - PE,0.0,52,262364.44403846154
ALIMENTAR,DRIFT COMERCIO DE ALIMENTOS LTDA - ES,34.46666666666667,20,39826.176
ALIMENTAR,DVL DISTRIBUIDORA VIA LACTEA LTDA - MG,0.0,47,105601.82936170214
ALIMENTAR,ELOFARMA-UNILIDER GRUPO ELO - ES,0.0,49,168889.1187755102
ALIMENTAR,ELOFARMA-UNILIDER GRUPO ELO - RJ,0.0,83,996890.2868674699
ALIMENTAR,EPOCA COM DIST PROD ALIM IND LTDA - ES,0.0,16,262901.40125
ALIMENTAR,EPOCA COM DIST PROD ALIM IND LTDA - MG,2.033333333333333,52,209822.3088461538
ALIMENTAR,ESTRELA DISTRIBUICAO EIRELI - DF,0.0,26,115038.88846153846
ALIMENTAR,FARMIX DISTRI DE MEDICAMENTO SA - MG,0.0,127,91.91692913385828
ALIMENTAR,FEM DISTRIBUIDORA E IMP LTDA - SP,23.3,16,2822.4362499999997
ALIMENTAR,FORMAGGIO DISTRIBUICAO DE ALIMENTOS - PE,3.033333333333333,11,8466.654545454545
ALIMENTAR,FORTALI DISTRIBUIDORA DE ALIMENTOS - CE,0.0,27,5040.723333333333
ALIMENTAR,FORTMINAS ATACADO E DISTR LTDA - MG,0.0,4,30311.0525
ALIMENTAR,G1 DISTRIBUIDORA DE PRODUTOS FARMAC - PE,23.3,3,5556.843333333333
ALIMENTAR,GARCIA ATACADISTA LTDA - RJ,0.0,48,212992.46229166666
ALIMENTAR,GIASSI E CIA LTDA - SC,0.0,56,39048.58803571429
ALIMENTAR,GIGANTE ATACADO E DISTRIBUIDOR DE - TO,22.266666666666666,1,19862.420000000002
ALIMENTAR,GIRUS MERCANTIL DE ALIMENTOS LTDA - MT,1.0,30,14501.021666666667
ALIMENTAR,GRUPO BALESTRIN - RS,0.0,47,111066.52978723405
ALIMENTAR,GRUPO BALESTRIN - SC,0.0,44,42960.82659090909
ALIMENTAR,GRUPO DALNORDE - BA,1.0,38,11221.861578947368
ALIMENTAR,GRUPO DMA - BA,24.333333333333332,6,8137.546666666666
ALIMENTAR,GRUPO DMA - MG,0.0,61,128297.26180327868
ALIMENTAR,GRUPO DUNORTE - AM,0.0,81,68470.88839506173
ALIMENTAR,GRUPO DUNORTE - RR,0.0,56,15730.049285714285
ALIMENTAR,GRUPO IBIAPINA - CE,8.133333333333333,38,38037.09342105263
ALIMENTAR,GRUPO LOG IN DISTRIBUIÇÃO - SP,47.666666666666664,7,270154.7142857143
ALIMENTAR,GRUPO MEGAFORT - ES,49.7,1,51846.1
ALIMENTAR,GRUPO MEGAFORT - MG,39.56666666666667,9,54984.387777777774
ALIMENTAR,GRUPO NORDESTAO - RN,1.0,51,51848.68529411765
ALIMENTAR,GRUPO PARATY - BA,1.0,8,25716.427500000005
ALIMENTAR,GRUPO PARATY - PE,0.0,69,130415.46246376811
ALIMENTAR,GRUPO VILA NOVA - MG,0.0,33,67781.54303030303
ALIMENTAR,GRUPO VILA NOVA - SP,0.0,31,80629.63548387097
ALIMENTAR,HIMALAIA COM PRODS ALIMENTARES LTDA - RS,0.0,24,4859.549166666667
ALIMENTAR,HUBER DISTRIBUIDORA  DE ALIMENTOS - PR,0.0,13,42670.4276923077
ALIMENTAR,IMIGRANTES MERCANTIL EIRELI - SP,0.0,11,8515.598181818183
ALIMENTAR,IN NOVA MINAS DISTRIBUIDORA LTDA - MG,24.333333333333332,5,15914.52
ALIMENTAR,IRMAOS ANDREAZZA LTDA - RS,0.0,50,28606.3692
ALIMENTAR,IRMAOS GONCALVES COM E IND LTDA - RO,0.0,68,22746.626911764706
ALIMENTAR,IRMÃOS  MUFFATO - PR,0.0,68,116895.93705882353
ALIMENTAR,IRMÃOS  MUFFATO - SP,0.0,21,18286.56619047619
ALIMENTAR,ITAO SUPERMERCADOS IMP E EXP SA - BA,0.0,28,7259.439285714286
ALIMENTAR,ITAPOA SUPERMERCADO LTDA - ES,35.5,19,30295.273157894735
ALIMENTAR,J L DISTRIB DE PROD ALIMENTICIOS - SP,0.0,12,18421.7225
ALIMENTAR,J R ATAC DE PROD DE HIGIENE LTDA - PI,0.0,60,46483.8985
ALIMENTAR,JAD ZOGHEIB E CIA LTDA - SP,0.0,60,41601.49366666667
ALIMENTAR,JC DISTR LOG IMP EXP PROD INDUST - GO,0.0,5,123141.09599999999
ALIMENTAR,JF COMERCIO E DISTRIBUICAO DE ALIME - SP,10.1,1,59581.259999999995
ALIMENTAR,JOMA COM  DE INSUMOS EIRELI - SP,54.8,1,19988.43
ALIMENTAR,JORGE BATISTA E CIA LTDA - MA,0.0,365,1471.355095890411
ALIMENTAR,JORGE BATISTA E CIA LTDA - PI,0.0,335,1481.7311343283582
ALIMENTAR,LUIZ TONIN ATAC E SUPER SA - MG,0.0,36,40362.271944444445
ALIMENTAR,MAFRIOS DISTRIBUIDORA E IMPORTADORA - AL,23.3,1,12813.400000000001
ALIMENTAR,MAKRO ATACADISTA S/A - PE,37.53333333333333,5,85663.686
ALIMENTAR,MAKRO ATACADISTA S/A - SP,1.0,42,97262.19976190476
ALIMENTAR,MART MINAS DISTRIBUIÇÃO - MG,0.0,54,130090.8353703704
ALIMENTAR,MARTINS E BRUCHMAM MARTINS LTDA - MT,0.0,20,7966.551000000001
ALIMENTAR,MARTINS E MARTINS NETO LTDA - MT,54.8,1,10189.4
ALIMENTAR,MB 5 COM  IMP  E EXPORTACAO LTDA - ES,0.0,54,215906.73648148146
ALIMENTAR,MENON COM E REPRESENTACOES LTDA - RS,1.0,17,32350.625882352942
ALIMENTAR,MERCANTIL PRIMAR LTDA - SP,15.2,18,8013.033333333334
ALIMENTAR,MIX CERTO DISTRIBUIDORA COSMETICOS - RJ,0.0,25,218412.6044
ALIMENTAR,N BEVILACQUA JUNIOR SUPERMERCADO - MT,0.0,19,7192.3668421052635
ALIMENTAR,N1 DISTRIBUIDORA SA - BA,0.0,5,19883.904000000002
ALIMENTAR,N1 DISTRIBUIDORA SA - ES,0.0,6,76828.455
ALIMENTAR,NATIVA DISTRIBUICAO DE SUPRIMENTOS - DF,20.3,3,9316.86
ALIMENTAR,NILO TOZZO E CIA LTDA - RS,31.466666666666665,21,99990.85095238096
ALIMENTAR,NILO TOZZO E CIA LTDA - SC,31.466666666666665,21,58707.89047619047
ALIMENTAR,NORTE SUL REAL DISTR E LOGISTICA - MT,0.0,36,22310.68361111111
ALIMENTAR,NOSSA DISTRIBUIDORA DE ALIMENTOS LT - MG,0.0,8,56593.52125
ALIMENTAR,O VANTAJAO SANTA FE DIST DE PROD - RS,0.0,13,5416.924615384616
ALIMENTAR,ORGANIZACAO VERDEMAR LTDA - MG,0.0,13,34075.483076923076
ALIMENTAR,PAGUE MENOS COM DE PRODS ALIM LTDA - SP,0.0,62,43331.19983870968
ALIMENTAR,PARIMA DISTRIBUIDORA LTDA - RR,34.46666666666667,10,16605.338
ALIMENTAR,PEDRO MUFFATO E CIA LTDA - PR,0.0,41,37115.47707317073
ALIMENTAR,PEDRO MUFFATO E CIA LTDA - RS,44.666666666666664,2,18824.85
ALIMENTAR,PEROLA DISTR E LOGISTICA S A - DF,7.133333333333334,10,65490.448
ALIMENTAR,PEROLA DISTR E LOGISTICA S A - GO,0.0,51,179679.03333333333
ALIMENTAR,PLATINUM DISTRIBUIDORA DE BEBIDAS - RJ,25.333333333333332,16,9105.3375
ALIMENTAR,PLAYFOODS DISTRIBUIDORA LTDA - RJ,33.5,4,13194.925
ALIMENTAR,PLAYVENDER DISTRIBUIDORA DE HIGIENE - MG,6.1,7,28509.0
ALIMENTAR,PLAYVENDER DISTRIBUIDORA DE HIGIENE - RJ,0.0,16,21505.096875
ALIMENTAR,PONTUAL CENTER DIST E LOG DE PROD - SP,23.3,16,186339.76125
ALIMENTAR,POTENCIAL COMERCIO E DISTRIB LTDA - MG,28.4,1,62743.60999999999
ALIMENTAR,QUBIT MARKETPLACE DISTRIBUIDORA E C - SP,0.0,4,7320.5425000000005
ALIMENTAR,R B COM E IND LTDA - CE,0.0,91,145974.88
ALIMENTAR,REAL DISTR E LOG LTDA - GO,0.0,141,15839.144822695034
ALIMENTAR,REALMAR DISTRIBUIDORA LTDA - ES,34.46666666666667,20,32617.966000000004
ALIMENTAR,REBOUCAS SUPERMERCADO LTDA - RN,27.366666666666667,7,16238.970000000001
ALIMENTAR,REDE ANDRADE - AL,0.0,71,145752.3147887324
ALIMENTAR,REDE ANDRADE - SE,0.0,55,61581.66454545454
ALIMENTAR,REDE BRASIL DISTR E LOG LTDA - GO,28.4,15,128854.98666666666
ALIMENTAR,REDE CBD - CE,0.0,55,17864.956727272725
ALIMENTAR,REDE CBD - DF,0.0,61,28911.7762295082
ALIMENTAR,REDE CBD - PE,0.0,70,38543.250428571424
ALIMENTAR,REDE CBD - RJ,0.0,68,61401.68852941176
ALIMENTAR,REDE CBD - SP,0.0,78,288611.3875641026
ALIMENTAR,REDE CEMA - GO,39.56666666666667,1,10019.0
ALIMENTAR,REDE CEMA - MG,0.0,55,41041.80872727273
ALIMENTAR,REDE COMPER - DF,0.0,44,14273.785000000002
ALIMENTAR,REDE COMPER - MS,0.0,50,31101.0438
ALIMENTAR,REDE COMPER - MT,0.0,48,16965.347916666666
ALIMENTAR,REDE COMPER - SC,43.666666666666664,10,47609.562
ALIMENTAR,REDE COMPER - SP,0.0,42,162469.80833333335
ALIMENTAR,REDE DEC AMAPA - AP,0.0,70,28644.949285714287
ALIMENTAR,REDE DIA BRASIL - BA,41.63333333333333,8,11710.4825
ALIMENTAR,REDE DIA BRASIL - MG,8.133333333333333,46,25182.525869565216
ALIMENTAR,REDE DIA BRASIL - RS,28.4,18,25052.734444444446
ALIMENTAR,REDE DIA BRASIL - SP,0.0,58,288539.7377586207
ALIMENTAR,REDE DISJOI - RS,0.0,43,100794.10999999999
ALIMENTAR,REDE MARK - PB,0.0,65,123571.91384615385
ALIMENTAR,REDE MARTINS CO - AM,0.0,33,43874.69545454546
ALIMENTAR,REDE MARTINS CO - BA,0.0,55,308831.7916363636
ALIMENTAR,REDE MARTINS CO - DF,40.6,14,119620.365
ALIMENTAR,REDE MARTINS CO - GO,0.0,52,287951.7171153846
ALIMENTAR,REDE MARTINS CO - MG,0.0,61,920890.9357377049
ALIMENTAR,REDE MARTINS CO - PB,0.0,54,349656.8731481482
ALIMENTAR,REDE OKAJIMA - PA,0.0,69,244265.7520289855
ALIMENTAR,REDE SONDA - SP,0.0,55,217332.25163636362
ALIMENTAR,RIBERFOODS IMP E DIST DE PRODS - SP,0.0,17,3573.0288235294115
ALIMENTAR,RIO QUALITY COM DE ALIMENTOS LTDA - RJ,0.0,62,52351.37064516129
ALIMENTAR,RIOGRANDENSE DISTRIBUIDORA LTDA - RN,0.0,42,122423.86642857142
ALIMENTAR,ROGE INTERG COM E DISTRIB DE - SP,40.6,3,95644.35999999999
ALIMENTAR,S VIEIRA DA SILVA EIRELI - AL,47.666666666666664,2,4165.800000000001
ALIMENTAR,SALES EQUIP E PRODS DE HIGIENE PROF - SP,0.0,47,28862.570212765957
ALIMENTAR,SAVEGNAGO SUPERMERCADOS LTDA - SP,0.0,64,62633.57109375
ALIMENTAR,SDB COMERCIO DE ALIMENTOS LTDA - MS,0.0,4,6534.1449999999995
ALIMENTAR,SENDAS - AC,0.0,10,3782.6400000000003
ALIMENTAR,SENDAS - AM,0.0,35,23343.591142857145
ALIMENTAR,SENDAS - AP,1.0,19,17966.115263157895
ALIMENTAR,SENDAS - BA,0.0,46,77615.58239130434
ALIMENTAR,SENDAS - CE,0.0,41,81682.9931707317
ALIMENTAR,SENDAS - DF,0.0,34,14172.375882352942
ALIMENTAR,SENDAS - GO,0.0,38,28263.621315789478
ALIMENTAR,SENDAS - MA,0.0,27,16761.735555555555
ALIMENTAR,SENDAS - MG,0.0,47,14172.229787234044
ALIMENTAR,SENDAS - MS,0.0,31,22149.74935483871
ALIMENTAR,SENDAS - MT,0.0,35,21544.430571428573
ALIMENTAR,SENDAS - PA,0.0,42,47202.04023809523
ALIMENTAR,SENDAS - PE,0.0,31,153595.87419354837
ALIMENTAR,SENDAS - PI,0.0,37,21037.00324324324
ALIMENTAR,SENDAS - PR,0.0,38,25442.63
ALIMENTAR,SENDAS - RJ,0.0,45,312731.95088888885
ALIMENTAR,SENDAS - RO,0.0,23,7295.921304347826
ALIMENTAR,SENDAS - RR,4.066666666666666,15,9499.999333333333
ALIMENTAR,SENDAS - SE,0.0,41,17468.79195121951
ALIMENTAR,SENDAS - SP,0.0,49,762291.266122449
ALIMENTAR,SENDAS - TO,0.0,27,7652.165185185185
ALIMENTAR,SENDAS DISTRIBUIDORA SA - MG,1.0,1,5491.22
ALIMENTAR,SENDAS DISTRIBUIDORA SA - PR,0.0,4,12715.875
ALIMENTAR,SILVA E BARBOSA COM DE ALIMENTOS - SP,0.0,60,30400.564333333336
ALIMENTAR,SOLFARMA COM DE PROD FARM S A - SP,0.0,324,1251.4814814814815
ALIMENTAR,SOST INDUSTRIA E COM DE ALIMENTOS - BA,0.0,22,6960.543181818182
ALIMENTAR,STO ATACADISTA DE ALIMENTOS EIRELI - DF,0.0,37,49081.11756756757
ALIMENTAR,SUPER VINHOS DISTRIBUIDORA SA - RJ,0.0,11,19753.227272727272
ALIMENTAR,SUPERM BH COMERCIO DE ALIMENTOS LTD - MG,0.0,79,215028.75354430382
ALIMENTAR,SUPERMERCADO BAHAMAS S A - MG,0.0,70,65707.82442857143
ALIMENTAR,SUPERMERCADO BERNARDAO LTDA - MG,9.166666666666666,3,9927.916666666666
ALIMENTAR,SUPERMERCADO COELHO DINIZ - MG,0.0,13,98186.74769230769
ALIMENTAR,SUPERMERCADO OURINHOS LTDA - SP,54.8,2,13078.64
ALIMENTAR,SUPERMERCADOS BERGAMINI LTDA - SP,37.53333333333333,11,31086.492727272733
ALIMENTAR,SUPERMERCADOS CASAGRANDE LTDA - ES,43.666666666666664,4,36125.5625
ALIMENTAR,SUPERMERCADOS CAVICCHIOLLI LTDA - SP,0.0,58,23661.639137931037
ALIMENTAR,SUPERMERCADOS DB LTDA - AM,0.0,50,28088.968800000002
ALIMENTAR,SUPERMERCADOS DB LTDA - RO,25.333333333333332,2,5054.245000000001
ALIMENTAR,SUPERMERCADOS IRMAOS LOPES S/A - SP,43.666666666666664,12,33564.09166666667
ALIMENTAR,SUPPLY DISTRB PRODS ALIMENTICIOS LT - MG,1.0,23,61444.038695652176
ALIMENTAR,SUPREMA COM DE PROD ALIMENTICIOS - DF,23.3,16,56816.430625
ALIMENTAR,SUPRICORP SUPRIMENTOS LTDA - SP,0.0,52,25872.4625
ALIMENTAR,TAUSTE SUPERMERCADOS LTDA - SP,0.0,65,45489.011076923074
ALIMENTAR,TENDA ATACADO LTDA - SP,0.0,50,175385.28079999998
ALIMENTAR,TOP SERVICE DISTR  DE PROD CONSUMO - SP,0.0,85,716214.182
ALIMENTAR,TRA DISTRIBUIDORA E LOGISTICA LTDA - RN,33.5,19,34677.34
ALIMENTAR,TRIMAIS SUPERMERCADOS SA - SP,7.133333333333334,49,16030.36
ALIMENTAR,UNIDASUL DISTR ALIMENTICIA SA - RS,1.0,45,49677.50511111111
ALIMENTAR,UNIMARKA DISTRIBUIDORA LTDA - ES,0.0,58,575483.7443103448
ALIMENTAR,VALE FORMOSO DISTRIBUICAO LTDA - MT,0.0,27,20356.492962962966
ALIMENTAR,VRA COMERCIO - MS,23.3,3,11588.450000000003
ALIMENTAR,WAL MART - BA,0.0,65,81331.98092307692
ALIMENTAR,WAL MART - CE,1.0,1,2987.4900000000002
ALIMENTAR,WAL MART - MG,38.56666666666667,16,14891.679375000002
ALIMENTAR,WAL MART - PB,3.033333333333333,19,48307.68157894737
ALIMENTAR,WAL MART - PE,0.0,68,124731.34838235294
ALIMENTAR,WAL MART - PR,0.0,64,59101.800312499996
ALIMENTAR,WAL MART - RS,0.0,66,127652.53833333334
ALIMENTAR,WAL MART - SC,3.033333333333333,44,34719.14022727273
ALIMENTAR,WAL MART - SP,0.0,71,234668.68957746477
ALIMENTAR,ZAMBONI COMERCIAL LTDA - MG,44.666666666666664,3,35520.52
ALIMENTAR,ZAMBONI COMERCIAL LTDA - RJ,22.266666666666666,33,138962.79333333333
E-COMMERCE,AMARO LTDA - MG,5.1,2,210270.80000000002
E-COMMERCE,AMAZON SERV DE VAREJO DO BRASIL - SP,1.0,18,250607.38888888888
E-COMMERCE,AMOBELEZA COMERCIO DIGITAL E OFFLIN - SP,2.033333333333333,2,42041.46500000001
E-COMMERCE,BELEZA COM COMERCIO DE PROD DE BEL - PR,0.0,19,304654.9089473684
E-COMMERCE,BELEZA COM COMERCIO DE PROD DE BEL - SP,0.0,22,285273.9568181818
E-COMMERCE,CAMPOS FLORIDOS COMERCIO DE - MG,0.0,44,573141.6095454545
E-COMMERCE,CM MEDICAMENTOS ESPECIAIS LTDA - SP,0.0,13,1862.8323076923077
E-COMMERCE,EBAZAR COM BR LTDA - MG,0.0,4,112059.76750000002
E-COMMERCE,FARMACLUB DROGARIAS LTDA - SP,4.066666666666666,77,2290.487792207792
E-COMMERCE,GLOBAL STORE COMERCIO E LOGISTICA L - GO,0.0,2,112776.73500000002
E-COMMERCE,KUTIZ COSMETICOS E PERFUMARIA LTDA - TO,12.166666666666666,10,68036.49500000001
E-COMMERCE,MAGAZINE LUIZA SA - MG,0.0,2,111339.52500000002
E-COMMERCE,REDE ULTRAFARMA - SP,0.0,125,444.29168
E-COMMERCE,SYNAPCOM COMERCIO ELETRONICO S - SP,0.0,143,404213.6482517483
HOSPITALAR,A G KIENEN E CIA LTDA - PR,40.6,16,18799.91375
HOSPITALAR,ACACIA COM DE MEDICAMENTOS LTDA - MG,55.833333333333336,1,8214.0
HOSPITALAR,ALFALAGOS LTDA - MG,35.5,30,20509.106000000003
HOSPITALAR,ALTAMED DISTRIBUIDORA DE MEDICAMENT - PA,0.0,11,20877.00727272727
HOSPITALAR,ALTERMED MAT MED HOSP LTDA - SC,0.0,160,23149.946375
HOSPITALAR,ALTHIS COM DE MEDIC E MAT MEDICO - SC,53.8,5,361.0
HOSPITALAR,ARMAZEM DOS MEDICAMENTOS LTDA - GO,0.0,101,207368.92485148515
HOSPITALAR,ARP MED SA - GO,10.1,5,392058.64
HOSPITALAR,ARP MED SA - PR,12.166666666666666,3,53393.200000000004
HOSPITALAR,ARP MED SA - RN,12.166666666666666,1,106786.4
HOSPITALAR,ARP MED SA - SP,12.166666666666666,2,57207.0
HOSPITALAR,ASLI COMERCIAL EIRELI - SC,36.53333333333333,19,3381.8663157894734
HOSPITALAR,ASTRA FARMA COM DE MATERIAL MEDICO - MG,29.433333333333334,34,11512.14617647059
HOSPITALAR,ATIVA COMERCIAL HOSPITALAR LTDA - GO,0.0,199,46597.0588442211
HOSPITALAR,ATIVA MEDICO CIRURGICA EIRELI - MG,53.8,3,4859.266666666666
HOSPITALAR,ATIVIDADE COMERCIO DE MEDIC E PROD - GO,14.2,1,16632.0
HOSPITALAR,BIOHOSP PRODUTOS HOSPITALARES SA - MG,0.0,225,40342.30182222222
HOSPITALAR,BRASIL PHARMA HOSPITALAR LTDA - MA,1.0,15,4170.723333333333
HOSPITALAR,CENTERMEDI COM PROD HOSP LTDA - RS,0.0,172,291581.5690697674
HOSPITALAR,CENTERMEDI COM PROD HOSP LTDA - SC,0.0,9,897525.2888888889
HOSPITALAR,CIAMED DIST DE MED LTDA - RS,53.8,2,275.0
HOSPITALAR,CIENTIFICA MEDICA HOSPITALAR LTDA - GO,0.0,170,66245.31352941177
HOSPITALAR,CIRURGICA JAW COMERCIO DE MATERIAL - PR,17.266666666666666,3,14868.066666666666
HOSPITALAR,CIRURGICA JAW COMERCIO DE MATERIAL - SC,16.233333333333334,4,6474.485000000001
HOSPITALAR,CIRURGICA OLIMPIO EIRELI EPP - SP,42.63333333333333,10,5833.572
HOSPITALAR,CIRURGICA ONIX EIRELI ME - PR,30.433333333333334,39,33405.42
HOSPITALAR,CIRURGICA SANTA CRUZ COM DE PROD - RS,0.0,48,9113.192083333333
HOSPITALAR,CIRURGICA SANTA CRUZ COM DE PROD - SC,0.0,35,13087.235714285714
HOSPITALAR,CM HOSPITALAR SA - DF,0.0,46,3078135.42
HOSPITALAR,CM HOSPITALAR SA - GO,10.1,33,50207.27757575758
HOSPITALAR,COFARMINAS COM DE PROD FARM LTDA - MG,23.3,59,5567.001355932203
HOSPITALAR,COMERCIAL CIRURGICA RIOCLARENSE LTD - MG,0.0,144,103107.60666666666
HOSPITALAR,COMERCIAL CIRURGICA RIOCLARENSE LTD - PE,2.033333333333333,18,38176.333333333336
HOSPITALAR,COMERCIAL CIRURGICA RIOCLARENSE LTD - PR,0.0,84,125094.63321428573
HOSPITALAR,COMERCIAL CIRURGICA RIOCLARENSE LTD - SP,0.0,200,469728.25365
HOSPITALAR,COMERCIAL MARK ATACADISTA EIRELI ME - PR,39.56666666666667,9,8781.577777777777
HOSPITALAR,COMERCIAL MOSTAERT LTDA - PE,5.1,76,15615.264736842104
HOSPITALAR,COMERCIO E REPRESENTACOES PRADO - PA,27.366666666666667,4,2491.235
HOSPITALAR,COSTA CAMARGO COM PROD HOSP LTDA - ES,0.0,65,41315.42076923077
HOSPITALAR,COSTA CAMARGO COM PROD HOSP LTDA - MG,0.0,7,583881.6
HOSPITALAR,CRISMED COML HOSP LTDA - SP,55.833333333333336,2,5322.95
HOSPITALAR,DANIEL FERRARI ABRANTES  DISTRIB DE - SP,0.0,108,7462.963518518519
HOSPITALAR,DECARES COMERCIO LTDA - AM,0.0,46,13738.829130434782
HOSPITALAR,DENTAL NORTE COM E SERVICOS EIRELI - AP,0.0,4,10656.0975
HOSPITALAR,DIMASTER COM DE PROD HOSPITALARES - RS,0.0,60,131322.67533333332
HOSPITALAR,DIMASTER COM DE PROD HOSPITALARES - SC,21.333333333333332,4,98651.1
HOSPITALAR,DIMENSAO COM DE ART MEDICOS HOSP - PR,18.266666666666666,86,3203.761395348837
HOSPITALAR,DISACRE COM E REPRES IMPORT - AC,24.333333333333332,24,13248.6975
HOSPITALAR,DISACRE COM E REPRES IMPORT - SP,18.266666666666666,2,3569.1000000000004
HOSPITALAR,DISTRIBUIDORA BRASIL COML DE PROD - DF,0.0,2,55754.009999999995
HOSPITALAR,DISTRIBUIDORA BRASIL COML DE PROD - GO,0.0,153,60231.91333333334
HOSPITALAR,DROGAFONTE LTDA - PE,0.0,92,113711.73184782609
HOSPITALAR,DUPATRI HOSPITALAR COM IMP EXP LTDA - GO,2.033333333333333,357,119780.48263305321
HOSPITALAR,DUPATRI HOSPITALAR COM IMP EXP LTDA - MG,14.2,4,6727.575000000001
HOSPITALAR,DUPATRI HOSPITALAR COM IMP EXP LTDA - SP,0.0,113,22837.456548672566
HOSPITALAR,ELFA MEDICAMENTOS SA - CE,0.0,13,12500.062307692308
HOSPITALAR,ELFA MEDICAMENTOS SA - DF,0.0,55,93104.55581818182
HOSPITALAR,ELFA MEDICAMENTOS SA - PB,6.1,18,23347.32777777778
HOSPITALAR,EXOMED REPR DE MEDICAMENTOS LTDA - PE,41.63333333333333,9,3044.786666666667
HOSPITALAR,EXPRESSA DISTR DE MEDICAMENTOS LTDA - DF,1.0,50,16947.1988
HOSPITALAR,F CARDOSO E CIA LTDA - PA,0.0,82,13872.519268292685
HOSPITALAR,FABMED DISTRIBUIDORA HOSPITALAR LTD - BA,0.0,12,71784.86333333333
HOSPITALAR,GENESIO A MENDES E CIA LTDA - ES,0.0,64,272.003125
HOSPITALAR,GENESIO A MENDES E CIA LTDA - RS,0.0,395,35.6546835443038
HOSPITALAR,GENESIO A MENDES E CIA LTDA - SC,0.0,394,84.37928934010152
HOSPITALAR,GLOBAL HOSPITALAR IMPORTACAO E COME - MG,0.0,27,61279.72037037037
HOSPITALAR,HOSP RIO MATERIAL HOSPITALAR EIRELI - RJ,45.7,17,4333.280588235294
HOSPITALAR,HOSPFAR IND E COM DE PROD HOSP SA - DF,0.0,48,58421.9475
HOSPITALAR,HOSPFAR IND E COM DE PROD HOSP SA - GO,0.0,72,83101.30152777777
HOSPITALAR,HOSPIDROGAS COM DE PROD HOSP LTDA - ES,0.0,165,32407.804424242426
HOSPITALAR,HS MED COMERCIO DE ARTIGOS HOSPITAL - PR,14.2,62,2428.941935483871
HOSPITALAR,HUB HEALTH DISTRIBUIDORA DE PRODUTO - CE,0.0,1,16800.6
HOSPITALAR,IMPERIALMED COM DE PROD HOSP LTDA - RJ,44.666666666666664,6,16915.88666666667
HOSPITALAR,IMPORT HOSPITALAR EIRELI - AP,1.0,10,7758.623999999999
HOSPITALAR,INTERLAB FARMACEUTICA LTDA - SP,0.0,45,173667.76177777778
HOSPITALAR,J R G DISTRIB DE MEDICAMENTOS HOSP - ES,15.2,24,9143.97
HOSPITALAR,L A DALLA PORTA JUNIOR - RS,52.766666666666666,2,14812.5
HOSPITALAR,LICIMED DIST MED CORR PROD MED - RS,0.0,43,73106.45558139535
HOSPITALAR,LINEA RJ COMERCIO EIRELI ME - RJ,55.833333333333336,1,16426.0
HOSPITALAR,LUMAR COM PROD FARMC LTDA - SP,0.0,213,49803.50051643192
HOSPITALAR,MAPEMI BRASIL MATERIAIS MEDICOS - AM,0.0,113,6936.827079646017
HOSPITALAR,MAPEMI BRASIL MATERIAIS MEDICOS - PA,0.0,10,8792.583
HOSPITALAR,MAPEMI BRASIL MATERIAIS MEDICOS - RR,0.0,68,55.033088235294116
HOSPITALAR,MAUES LOBATO COM REPR LTDA - PE,0.0,26,17417.278846153848
HOSPITALAR,MAURO MARCIANO COM MEDICAMENTOS - RS,40.6,54,33058.35870370371
HOSPITALAR,MCW PROD MEDICOS E HOSP LTDA - RS,29.433333333333334,55,2241.5534545454548
HOSPITALAR,MED CENTER COMERCIAL LTDA - MG,0.0,214,294343.8839252336
HOSPITALAR,MED FORT MEDIC  E PROD  HOSPIT LTDA - GO,33.5,20,28110.8615
HOSPITALAR,MEDCOM COMERCIO DE MEDICAMENTOS HOS - DF,14.2,2,23430.675
HOSPITALAR,MEDCOM COMERCIO DE MEDICAMENTOS HOS - GO,0.0,10,397865.538
HOSPITALAR,MEDFUTURA DIST DE MEDICAMENTOS - RJ,0.0,91,91281.79802197803
HOSPITALAR,MEDICAMENTAL DISTR LTDA - GO,0.0,389,6518.306940874036
HOSPITALAR,MEDICAMENTAL HOSPITALAR LTDA - GO,3.033333333333333,68,120126.97955882351
HOSPITALAR,MEDICAMENTAL HOSPITALAR LTDA - RJ,0.0,25,77006.67
HOSPITALAR,MEDICAMENTAL HOSPITALAR LTDA - SP,0.0,22,94785.17363636364
HOSPITALAR,MEDILAR IMP DISTR DE PROD MED - RS,0.0,203,277634.17650246306
HOSPITALAR,MEDISIL MEDICAMENTOS LTDA - BA,0.0,182,51393.10769230769
HOSPITALAR,MEDWAY LOG COMERCIO E SERV LTDA - MG,48.7,19,6079.393157894737
HOSPITALAR,MEDYCAMENTHA PRODS ONCOLOGICOS E - BA,39.56666666666667,10,3202.768
HOSPITALAR,MOCA COM DE MEDICAMENTOS LTDA - PR,41.63333333333333,28,6390.043571428571
HOSPITALAR,NOVA MEDICA COM E SERV DE PRODUTOS - PA,42.63333333333333,4,4100.245
HOSPITALAR,NOVASUL COM DE PROD HOSPLS LTDA - RS,52.766666666666666,6,21344.633333333335
HOSPITALAR,ONCONORTE LTDA - PA,0.0,14,20904.405
HOSPITALAR,ONCOVIT DISTRIB DE MEDICAMENTOS LTD - ES,0.0,67,10054.54223880597
HOSPITALAR,OTIMA DISTRIBUIDORA MEDICA HOSPITAL - PI,0.0,13,8876.30153846154
HOSPITALAR,PANORAMA COM DE PROD MEDICOS - CE,0.0,76,11697.465263157894
HOSPITALAR,PB FARMA DIST DE MED LTDA - SE,31.466666666666665,27,6286.639259259259
HOSPITALAR,PHARMA LOG PRODUTOS FARMACEUTICOS - PR,19.3,9,224.75444444444443
HOSPITALAR,POLLO HOSPITALAR LTDA EPP - PR,26.366666666666667,16,5932.678125
HOSPITALAR,PONTAMED FARMACEUTICA LTDA - PR,43.666666666666664,7,13005.557142857144
HOSPITALAR,POSITIVA COMERCIAL LTDA - ES,0.0,13,27311.01846153846
HOSPITALAR,PRESTOMEDI DISTR DE PROD PARA SAUDE - RS,52.766666666666666,2,8890.0
HOSPITALAR,PRODIET FARMACEUTICA SA - ES,8.133333333333333,7,31328.994285714285
HOSPITALAR,PROFARM COM DE MED E MATL HOSP LTDA - TO,0.0,70,12603.307428571428
HOSPITALAR,PROMEFARMA MEDIC E PRODUTOS HOSPIT - PR,0.0,262,192769.19160305345
HOSPITALAR,R A P APARECIDA COM DE MED LTDA - SP,31.466666666666665,83,9064.663855421686
HOSPITALAR,R M HOSPITALAR LTDA - GO,41.63333333333333,22,1784.2227272727273
HOSPITALAR,REPIFARMA COML DE MEDICAMENTOS LTDA - CE,43.666666666666664,5,7804.8
HOSPITALAR,REPRESS DISTRIBUIDORA DE MEDICAM - SP,1.0,157,13979.997643312101
HOSPITALAR,ROYALMED HOSPITALAR LTDA - MA,23.3,64,3399.5437500000003
HOSPITALAR,RS PRODUTOS HOSPITALARES LTDA - RS,44.666666666666664,1,7966.3
HOSPITALAR,S E R DISTRIBUIDORA LTDA - SC,28.4,75,9583.244266666667
HOSPITALAR,SALVADOR DISTRIBUIDORA DE MEDICAMEN - BA,2.033333333333333,4,2816.085
HOSPITALAR,SAMEH SOLUCOES HOSPITALARES LTDA - MG,0.0,22,8333.387272727272
HOSPITALAR,SANTA BRANCA DISTR DE MEDIC LTDA - CE,0.0,107,52674.564299065416
HOSPITALAR,SERVIMED - SP,0.0,321,1736.5391277258568
HOSPITALAR,SIDD COML DISTRIB DE MEDIC LTDA - RS,27.366666666666667,65,4078.6387692307694
HOSPITALAR,SOLUMED DIST DE MED E PROD - MG,2.033333333333333,48,47358.026041666664
HOSPITALAR,SOMA PR COM DE PROD  HOSPITALARES - PR,39.56666666666667,22,7675.537272727273
HOSPITALAR,SOMA SC PRODUTOS HOSPITALARES LTDA - SC,40.6,28,20098.16
HOSPITALAR,SOMA SP PRODUTOS HOSPITALARES LTDA - SP,42.63333333333333,17,116012.81176470587
HOSPITALAR,SUPERMED COM E IMP DE PROD MEDICOS - MG,0.0,163,34265.10877300613
HOSPITALAR,SUPERMED COM E IMP DE PROD MEDICOS - SP,0.0,87,46421.43149425287
HOSPITALAR,T S COMERCIAL DE MEDICAMENTOS E REP - CE,38.56666666666667,11,51581.85454545454
HOSPITALAR,UNI HOSPITALAR CEARA LTDA - CE,0.0,3,224932.69333333336
HOSPITALAR,UNI HOSPITALAR LTDA - PE,0.0,39,74525.9817948718
HOSPITALAR,VERA CRUZ DISTRIBUIDORA DE PRODUTOS - MG,20.3,49,2812.0742857142855
HOSPITALAR,VICTORIA COM DE PROD HOSPITALARES L - RS,2.033333333333333,2,5162.08
HOSPITALAR,WN COMERCIO IMP E REP LTDA - AM,29.433333333333334,9,16561.34
VAREJO DIRETO,A NOSSA DROGA  DE CAXIAS - RJ,0.0,308,85146.60217532468
VAREJO DIRETO,ALLMED DISTR E COM DE PROD FARMAC - PB,0.0,99,76113.22636363636
VAREJO DIRETO,BELEZA COM COMERCIO DE PROD DE BEL - PR,0.0,19,17370.637894736847
VAREJO DIRETO,CIA LATINO AMERICANA DE MEDICA - SC,0.0,285,826813.0061052631
VAREJO DIRETO,CM MEDICAMENTOS ESPECIAIS LTDA - SP,0.0,13,3683.7538461538466
VAREJO DIRETO,COM DE MED BRAIR - RS,0.0,376,600103.6997606383
VAREJO DIRETO,COMERCIAL DRUGSTORE LTDA - PE,0.0,20,79626.925
VAREJO DIRETO,COMERCIO DE MEDICAMENTOS MAEOKA - PR,2.033333333333333,1,2859.6
VAREJO DIRETO,COMPHARMA COMERCIO DE MEDICAME - PA,0.0,245,34864.552653061226
VAREJO DIRETO,CONDE ATACADISTA LTDA - SP,24.333333333333332,64,270285.13296875
VAREJO DIRETO,DEMAC - SP,18.266666666666666,155,397787.6174473806
VAREJO DIRETO,DIMED SA DISTRIBUIDORA DE MEDICAMENTOS - ES,0.0,11,19164.85818181818
VAREJO DIRETO,DIMED SA DISTRIBUIDORA DE MEDICAMENTOS - PR,0.0,214,306430.7819411215
VAREJO DIRETO,DIMED SA DISTRIBUIDORA DE MEDICAMENTOS - RS,0.0,490,738814.9272077734
VAREJO DIRETO,DISSIM DIST EWS FARMA - SP,8.133333333333333,221,198810.1373755656
VAREJO DIRETO,DROG SAO PAULO/PACHECO SA - BA,0.0,428,241800.1029906542
VAREJO DIRETO,DROG SAO PAULO/PACHECO SA - ES,0.0,413,252184.84322033898
VAREJO DIRETO,DROG SAO PAULO/PACHECO SA - GO,0.0,373,1484749.4704021448
VAREJO DIRETO,DROG SAO PAULO/PACHECO SA - MG,0.0,436,252370.95254587155
VAREJO DIRETO,DROG SAO PAULO/PACHECO SA - RJ,0.0,398,929545.0211055278
VAREJO DIRETO,DROG SAO PAULO/PACHECO SA - SP,0.0,379,1431369.8236939313
VAREJO DIRETO,DROGAFARMA DE FRANCA LTDA - SP,0.0,4,15624.655
VAREJO DIRETO,DROGAL FARMACEUTICA LTDA - SP,0.0,432,421244.96323225
VAREJO DIRETO,DROGAMAX HIPERFARMA PRODUTOS FARMAC - SP,0.0,1,13888.740000000002
VAREJO DIRETO,DROGARIA ALAMEDA LTDA - DF,0.0,272,44209.01602941176
VAREJO DIRETO,DROGARIA ARAUJO SA - MG,0.0,434,642792.4667281106
VAREJO DIRETO,DROGARIA BRASIL LTDA - DF,0.0,33,16713.49606060606
VAREJO DIRETO,DROGARIA GALANTI DE NOVA IGUAC - RJ,11.133333333333333,105,26482.59
VAREJO DIRETO,DROGARIA IGUATEMI LTDA - SP,0.0,27,44751.631111111106
VAREJO DIRETO,DROGARIA MAZZONI DE BARRA DO PIRAI - RJ,0.0,4,41932.705
VAREJO DIRETO,DROGARIA MODENA LTDA - PA,0.0,32,48440.739375
VAREJO DIRETO,DROGARIA NOVA ESPERANCA LTDA - SP,18.266666666666666,1,6214.599999999999
VAREJO DIRETO,DROGARIA ONOFRE LTDA - SP,40.6,99,112612.95737373737
VAREJO DIRETO,DROGASIL - BA,0.0,431,489427.2612296984
VAREJO DIRETO,DROGASIL - CE,0.0,320,510739.56321874994
VAREJO DIRETO,DROGASIL - GO,0.0,431,974051.4253973688
VAREJO DIRETO,DROGASIL - MG,0.0,438,499606.6094520548
VAREJO DIRETO,DROGASIL - PE,0.0,426,410933.7361971831
VAREJO DIRETO,DROGASIL - PR,0.0,435,618948.2798490437
VAREJO DIRETO,DROGASIL - RJ,0.0,405,543525.7743703704
VAREJO DIRETO,DROGASIL - RS,0.0,252,273024.19505396823
VAREJO DIRETO,DROGASIL - SP,0.0,443,3888629.3520508236
VAREJO DIRETO,DSI DROGARIA LTDA - SP,45.7,54,1376.2444444444443
VAREJO DIRETO,EMEFARMA DISTR DE PRODUTOS FAR - RJ,0.0,230,41608.99373913043
VAREJO DIRETO,EMPREENDIMENTOS PAGUE MENOS - BA,0.0,429,325912.3275757576
VAREJO DIRETO,EMPREENDIMENTOS PAGUE MENOS - CE,0.0,432,1570880.902962963
VAREJO DIRETO,EMPREENDIMENTOS PAGUE MENOS - GO,0.0,442,788435.6983936651
VAREJO DIRETO,EMPREENDIMENTOS PAGUE MENOS - MG,0.0,349,173893.32260744987
VAREJO DIRETO,EMPREENDIMENTOS PAGUE MENOS - PE,0.0,420,374919.59985714284
VAREJO DIRETO,EXTRAFARMA - PA,0.0,114,239520.32546666666
VAREJO DIRETO,FARMA E PLUS DISTR DE MED LTDA - ES,0.0,96,261616.696875
VAREJO DIRETO,FARMACIA E DROGARIA NISSEI - PR,29.433333333333334,134,405927.63182537316
VAREJO DIRETO,FARMACIA IRMAOS PAVESI LTDA - PR,0.0,2,40113.88
VAREJO DIRETO,FARMACIA VALE VERDE LTDA - PR,48.7,37,3842.4308108108103
VAREJO DIRETO,FARMACLUB DROGARIAS LTDA - SP,4.066666666666666,77,18343.47194805195
VAREJO DIRETO,FORMOSA SUPERMERCADOS MAGAZINE - PA,1.0,13,9618.23076923077
VAREJO DIRETO,GLOBAL ORGANIZACAO FARMACEUTICA - SP,54.8,1,1726.44
VAREJO DIRETO,GRUPO MACER - SP,0.0,165,96165.61181818182
VAREJO DIRETO,GRUPO TAPAJOS - AM,0.0,515,266265.6425476893
VAREJO DIRETO,GRUPO TAPAJOS - PA,0.0,385,113708.17511688313
VAREJO DIRETO,GRUPO TAPAJOS - RO,0.0,388,51022.01273195876
VAREJO DIRETO,GRUPO TAPAJOS - RR,0.0,310,25045.03064516129
VAREJO DIRETO,GUEDES E PAIXAO LTDA - MG,0.0,81,8964.08864197531
VAREJO DIRETO,IMIFARMA PROD FARM E COSM - CE,0.0,348,304471.46077586204
VAREJO DIRETO,IMIFARMA PROD FARM E COSM - MA,0.0,194,135777.30221649483
VAREJO DIRETO,IMIFARMA PROD FARM E COSM - PA,0.0,402,325838.7578855721
VAREJO DIRETO,IMIFARMA PROD FARM E COSM - SP,0.0,261,83856.71808429119
VAREJO DIRETO,IRMAOS MATTAR E CIA LTDA - BA,0.0,157,81671.78719745223
VAREJO DIRETO,IRMAOS MATTAR E CIA LTDA - MG,0.0,367,269876.2992370572
VAREJO DIRETO,JORGE BATISTA E CIA LTDA - MA,0.0,365,645.8613698630137
VAREJO DIRETO,LIDER COMERCIO E INDUSTRIA LTDA - PA,0.0,58,55518.655
VAREJO DIRETO,LIDER ORGANIZACAO COMERCIAL LT - MG,0.0,55,11252.58018181818
VAREJO DIRETO,LIDER ORGANIZACAO COMERCIAL LTDA - MG,47.666666666666664,18,48188.657777777786
VAREJO DIRETO,M A BORGES COM DE MEDIC LTDA - PR,0.0,4,34415.2625
VAREJO DIRETO,MAPEMI BRASIL MATERIAIS MEDICOS - AM,0.0,113,1135.5541592920356
VAREJO DIRETO,MAPEMI BRASIL MATERIAIS MEDICOS - RR,0.0,68,183.77279411764704
VAREJO DIRETO,MASTER FORMULA FARMACIA DE MANIPULA - SP,0.0,44,552478.8093181818
VAREJO DIRETO,MEDICAMENTAL DISTR LTDA - SP,0.0,315,1742.2050158730158
VAREJO DIRETO,MODENA E SILVA DISTRIBUIDORA DE - RO,22.266666666666666,85,65972.37541176469
VAREJO DIRETO,MODENA E SILVA LTDA - RO,0.0,123,48358.78804878049
VAREJO DIRETO,NNMED DISTRIBUICAO IMPORTACAO E EXP - PB,0.0,74,57550.70594594595
VAREJO DIRETO,OFS RJ LTDA - RJ,45.7,23,130.9913043478261
VAREJO DIRETO,ORGANIZACAO FARM NAKANO LTDA - SP,0.0,3,90544.37
VAREJO DIRETO,ORIENTE - MG,0.0,157,73879.58834394904
VAREJO DIRETO,PANPHARMA DIST DE MED LTDA - MT,0.0,353,1140.851898016997
VAREJO DIRETO,PANPHARMA DIST DE MED LTDA - PE,0.0,278,729.5080575539567
VAREJO DIRETO,PANPHARMA DIST DE MED LTDA - RS,0.0,344,1259.4446511627907
VAREJO DIRETO,PANPHARMA DIST DE MED LTDA - SP,0.0,359,3572.980947075209
VAREJO DIRETO,PROFARMA - AL,0.0,238,13.316974789915964
VAREJO DIRETO,PROFARMA - BA,0.0,326,24.35484662576687
VAREJO DIRETO,PROFARMA - DF,0.0,172,16797.82093023256
VAREJO DIRETO,PROFARMA - ES,0.0,310,7204.988483870969
VAREJO DIRETO,PROFARMA - GO,0.0,321,45423.12165109035
VAREJO DIRETO,PROFARMA - MG,0.0,322,1.1604968944099379
VAREJO DIRETO,PROFARMA - PB,0.0,291,4.494020618556701
VAREJO DIRETO,PROFARMA - PE,0.0,331,596.5152870090634
VAREJO DIRETO,PROFARMA - RJ,0.0,248,54964.15439516129
VAREJO DIRETO,REDE SANTA CRUZ - RJ,0.0,423,16376.355271867611
VAREJO DIRETO,REDE ULTRAFARMA - SP,0.0,125,54554.65752
VAREJO DIRETO,REDEPHARMA - PB,0.0,306,139663.41062091503
VAREJO DIRETO,SANTA MARTA DISTR DE DROGAS LT - GO,1.0,333,144966.53534534536
VAREJO DIRETO,SB COMERCIO LTDA - AM,0.0,334,186043.80060383232
VAREJO DIRETO,SB COMERCIO LTDA - PA,0.0,247,286305.2806072875
VAREJO DIRETO,SB COMERCIO LTDA - RO,0.0,230,46331.07526086957
VAREJO DIRETO,SELLENE COMERCIO E REPRESENTACOES L - CE,32.46666666666667,9,12178.852222222224
VAREJO DIRETO,SHOPPER COMERCIO ALIMENTICIO LTDA - SP,6.1,4,3780.85
VAREJO DIRETO,ULTRAFARMA SAUDE EIRELI - SP,7.133333333333334,202,179284.95029702972
VAREJO DIRETO,UNIMED CUIABA COOPERATIVA TRAB - MT,0.0,219,493.35429223744296
VAREJO DIRETO,VENANCIO PROD FARM LTDA - RJ,0.0,420,641358.6861190477
VAREJO INDIRETO,ACRIPEL FARMA - AL,0.0,123,187806.65902439028
VAREJO INDIRETO,ACRIPEL FARMA - BA,20.3,83,259709.64228915662
VAREJO INDIRETO,ACRIPEL FARMA - PB,19.3,75,97074.20386666666
VAREJO INDIRETO,ACRIPEL FARMA - PE,0.0,125,886762.28512
VAREJO INDIRETO,ACRIPEL FARMA - RN,0.0,123,259189.44162601625
VAREJO INDIRETO,ACRIPEL FARMA - SE,0.0,120,177053.01416666666
VAREJO INDIRETO,ADEVAIR GROTO - MT,0.0,126,558043.042936508
VAREJO INDIRETO,ADVANCE BAHIA DISTRIB DE PROD - BA,43.666666666666664,25,65843.062
VAREJO INDIRETO,AIKON COMERCIO DE MEDICAMENTOS LTDA - MS,12.166666666666666,93,85374.45376344086
VAREJO INDIRETO,ALIANCA FARMA DISTRIBUIDORA LTDA - BA,0.0,120,476993.67133333336
VAREJO INDIRETO,ALLMED DISTR E COM DE PROD FARMAC - PB,0.0,99,7699.8492929292925
VAREJO INDIRETO,AMERICAN FARMA LTDA - PA,0.0,397,332566.51370277075
VAREJO INDIRETO,ANB FARMA LTDA - PR,0.0,347,358980.6947550432
VAREJO INDIRETO,ANB FARMA LTDA - RS,48.7,28,374419.4525000001
VAREJO INDIRETO,ANDORINHA COMERCIO/ DISMAIS MG DISTRIB - ES,0.0,99,44129.294040404035
VAREJO INDIRETO,ANDORINHA COMERCIO/ DISMAIS MG DISTRIB - SP,0.0,117,223556.99077196582
VAREJO INDIRETO,ANDRADE COMERCIO E DISTRIBUICAO - MA,0.0,51,252381.86647058823
VAREJO INDIRETO,ARMAZEM MATEUS - MA,0.0,128,86132.004375
VAREJO INDIRETO,ASA BRANCA INDL COML IMPORTADORA LT - AL,0.0,87,138238.08494252875
VAREJO INDIRETO,AZUL FARMA DISTRIBUIDORA DE MEDICAM - BA,13.166666666666666,50,243073.72199999998
VAREJO INDIRETO,BRASFARMA COM DE MEDICAMENTOS - PA,49.7,15,61528.100666666665
VAREJO INDIRETO,BRASIL - FARMAUM - PB,0.0,119,509961.7698319328
VAREJO INDIRETO,BRASIL - FARMAUM - RN,0.0,88,120644.88204545453
VAREJO INDIRETO,BRASIL MEDICAMENTOS EIRELI EPP - AP,0.0,119,108719.59470588235
VAREJO INDIRETO,BSB - DF,0.0,121,532600.2650413223
VAREJO INDIRETO,BSB - GO,0.0,125,510837.14544
VAREJO INDIRETO,CERVOSUL DISTR DE MEDICAMENTOS LTDA - RS,0.0,127,301916.5205511811
VAREJO INDIRETO,CM MEDICAMENTOS ESPECIAIS LTDA - SP,0.0,13,2266.3076923076924
VAREJO INDIRETO,COMERCIAL LABORSIL LTDA - ES,0.0,121,245990.06016528927
VAREJO INDIRETO,COMERCIAL LASA EIRELI - RS,44.666666666666664,18,44121.753333333334
VAREJO INDIRETO,COMPHARMA COMERCIO DE MEDICAME - PA,0.0,245,44083.39718367347
VAREJO INDIRETO,CONFIANCA - BA,0.0,107,118702.84205607476
VAREJO INDIRETO,CORDEIRO - BA,0.0,125,575818.74144
VAREJO INDIRETO,CORDEIRO - SE,0.0,92,74184.61184782609
VAREJO INDIRETO,D CENTER DISTRIBUIDORA LTDA - GO,0.0,338,1510718.4381656805
VAREJO INDIRETO,D E A DISTR FARMAC E LOGISTICA - BA,49.7,19,212502.57
VAREJO INDIRETO,D T D DISTRIBUIDORA DE PRODUTOS FAR - SP,0.0,3,1613.6338333333333
VAREJO INDIRETO,DALMEDSUL MEDICAMENTOS EIRELI - RS,44.666666666666664,28,41794.94428571429
VAREJO INDIRETO,DERMA E DERMO COM DE PRODS DER - SP,0.0,83,913.0944578313253
VAREJO INDIRETO,DIFREMEL DISTRIBUIDORA ATACADI - RS,4.066666666666666,109,184033.97321100917
VAREJO INDIRETO,DIMED SA DISTRIBUIDORA DE MEDICAMENTOS - RS,0.0,490,5801.947508128572
VAREJO INDIRETO,DISLAB COMERCIAL FARMACEUTICA LTDA - SP,0.0,116,761439.4722413793
VAREJO INDIRETO,DISLAB GO COMERCIAL FARMACEUTICA - GO,0.0,129,1849568.9655813954
VAREJO INDIRETO,DISLAB MT COM FARMACEUTICA LTDA - MT,0.0,36,189796.93444444443
VAREJO INDIRETO,DISLAB RJ COMERCIAL FARMACEUTICA - RJ,0.0,98,254199.95183673472
VAREJO INDIRETO,DISMED - SP,13.166666666666666,28,165564.55464285714
VAREJO INDIRETO,DISMEPE DISTR DE PROD FARMAC LTDA - PE,0.0,123,878958.753902439
VAREJO INDIRETO,DISPAR DISTR DE MEDICAMENTOS LTDA - PR,0.0,127,1687450.9221700002
VAREJO INDIRETO,DISPAR DISTR DE MEDICAMENTOS LTDA - RS,0.0,47,902504.0585106383
VAREJO INDIRETO,DISPAR DISTR DE MEDICAMENTOS LTDA - SP,0.0,74,607185.1135135135
VAREJO INDIRETO,DISPROFARMA - RO,0.0,119,167899.05630243698
VAREJO INDIRETO,DISTRIBUIDORA BARATELA EIRELI - ES,0.0,123,136739.78593495936
VAREJO INDIRETO,DISTRIBUIDORA CENTRO OESTE DE - MG,0.0,156,519739.14711538464
VAREJO INDIRETO,DISTRIBUIDORA MODERNA LTDA - AM,38.56666666666667,14,11100.699285714287
VAREJO INDIRETO,DISTRIPHARMA DISTR DE MEDIC LTDA - RS,55.833333333333336,1,702.0
VAREJO INDIRETO,DIVINOPOLIS COM DE MED LTDA ME - MG,17.266666666666666,80,139683.013625
VAREJO INDIRETO,DMS LOGISTICA ATACADISTA FARM LTDA - PB,0.0,99,167300.0688888889
VAREJO INDIRETO,DMS LOGISTICA ATACADISTA FARM LTDA - RN,0.0,121,451194.9341322314
VAREJO INDIRETO,DROGARIA ALAMEDA LTDA - DF,0.0,272,14725.248933823532
VAREJO INDIRETO,DROGARIA SANTA MARIA LTDA - PE,5.1,116,27104.33560344828
VAREJO INDIRETO,DROGARIA TODODIA EIRELI - SP,37.53333333333333,1,34228.06999999999
VAREJO INDIRETO,DSI DROGARIA LTDA - SP,45.7,54,40544.868518518524
VAREJO INDIRETO,ELITE DISTR FARMACEUTICA LTDA - SP,11.133333333333333,81,242283.0149382716
VAREJO INDIRETO,EMEFARMA DISTR DE PRODUTOS FAR - RJ,0.0,230,1137255.2451304349
VAREJO INDIRETO,EMIS MINAS DISTR DE PRODUTOS - MG,39.56666666666667,38,216516.5047368421
VAREJO INDIRETO,EMMARKA/PLUSFARMA - MA,49.7,13,35827.25461538461
VAREJO INDIRETO,EMMARKA/PLUSFARMA - PE,55.833333333333336,1,1404.0
VAREJO INDIRETO,EMMARKA/PLUSFARMA - PI,50.733333333333334,12,45211.0275
VAREJO INDIRETO,EXFAR DISTRIBUIDORA DE MEDICAM - CE,4.066666666666666,12,22969.86
VAREJO INDIRETO,F CHICHINELLI DISTRIBUIDORA - PR,29.433333333333334,5,992415.65
VAREJO INDIRETO,FARMACIA VALE VERDE LTDA - PR,48.7,37,21932.96972972973
VAREJO INDIRETO,FARMIX DISTRI DE MEDICAMENTO SA - MG,0.0,127,817749.8509448819
VAREJO INDIRETO,FHARMEDY DISTR DE PROD FARM HOSP - SE,53.8,3,27082.826666666664
VAREJO INDIRETO,FORMASUPRY COMERCIO ATACADISTA LTDA - PB,11.133333333333333,12,24621.356666666663
VAREJO INDIRETO,FORMOSA SUPERMERCADOS MAGAZINE - PA,1.0,13,39564.852307692316
VAREJO INDIRETO,FORTES DISTRIBUIDORA LTDA - CE,2.033333333333333,37,123847.10945945946
VAREJO INDIRETO,G O LOG DISTR DE MEDICAMENTOS LTDA - GO,49.7,12,69236.44333333331
VAREJO INDIRETO,G2 MED DISTRIBUIDORA EIRELI EPP - RS,44.666666666666664,11,38517.33090909091
VAREJO INDIRETO,GAUCHAFARMA MEDICAMENTOS LTDA - RS,0.0,123,498200.4065853658
VAREJO INDIRETO,GENESIO A MENDES E CIA LTDA - ES,0.0,64,57325.88609375
VAREJO INDIRETO,GENESIO A MENDES E CIA LTDA - PR,0.0,295,92406.91288135594
VAREJO INDIRETO,GENESIO A MENDES E CIA LTDA - RS,0.0,395,239681.19237974685
VAREJO INDIRETO,GENESIO A MENDES E CIA LTDA - SC,0.0,394,207164.71878172588
VAREJO INDIRETO,GIRABRASIL DIST FARMACEUTICA LTDA - PR,46.63333333333333,18,41043.59
VAREJO INDIRETO,GOLFARMA DISTR FARMACEUTICA LTDA - BA,20.3,43,381664.62488372094
VAREJO INDIRETO,GOYAZ SERVICE COMERCIO E LOG - GO,0.0,280,250106.0832142857
VAREJO INDIRETO,GRUPO ABS - PE,36.53333333333333,22,195229.0072727273
VAREJO INDIRETO,GRUPO CACHOEIRA - DF,1.0,39,155723.771025641
VAREJO INDIRETO,GRUPO CACHOEIRA - GO,0.0,166,1249334.0624096387
VAREJO INDIRETO,GRUPO CACHOEIRA - MA,0.0,48,105759.90562500001
VAREJO INDIRETO,GRUPO DIMEBRAS E ALFAMED - MS,0.0,218,111881.04293577981
VAREJO INDIRETO,GRUPO DIMEBRAS E ALFAMED - MT,0.0,187,105750.98278074864
VAREJO INDIRETO,GRUPO DIMEBRAS E ALFAMED - PR,0.0,230,290854.91095652175
VAREJO INDIRETO,GRUPO DIMEBRAS E ALFAMED - SC,0.0,2,42171.96
VAREJO INDIRETO,GRUPO ECONOMICO - SP,0.0,122,494110.8239503279
VAREJO INDIRETO,GRUPO MOURA - RJ,0.0,124,183936.3918548387
VAREJO INDIRETO,GRUPO NAVARRO - ES,1.0,43,636390.3646511628
VAREJO INDIRETO,GRUPO NAVARRO - MG,0.0,75,379332.1076
VAREJO INDIRETO,GRUPO NAVARRO - PR,1.0,32,286426.22000000003
VAREJO INDIRETO,GRUPO NAVARRO - RJ,0.0,125,401499.97336
VAREJO INDIRETO,GRUPO NAVARRO - SP,0.0,163,483959.96907975466
VAREJO INDIRETO,GRUPO NOVA - CE,48.7,22,38425.556818181816
VAREJO INDIRETO,GRUPO NOVA - PE,48.7,22,309885.47409090906
VAREJO INDIRETO,GRUPO RAIMUNDO FLORINDO DE CASTRO - PI,1.0,93,500154.9869892473
VAREJO INDIRETO,GRUPO TAPAJOS - AM,0.0,515,94334.26846504853
VAREJO INDIRETO,GRUPO TAPAJOS - PA,0.0,385,38879.82319480519
VAREJO INDIRETO,GRUPO TAPAJOS - RO,0.0,388,51891.544484536076
VAREJO INDIRETO,GRUPO TAPAJOS - RR,0.0,310,57244.16651612904
VAREJO INDIRETO,GRUPO VISION - PR,26.366666666666667,10,61224.776
VAREJO INDIRETO,GUEDES E PAIXAO LTDA - MG,0.0,81,18567.30197530864
VAREJO INDIRETO,HOLIFARMA - SE,53.8,7,116023.43142857144
VAREJO INDIRETO,HOSPIDROGAS LTDA - MG,54.8,2,14809.525
VAREJO INDIRETO,IDEALFARMA COM E REPRES DE PROD - RN,52.766666666666666,4,54021.564999999995
VAREJO INDIRETO,IMIFARMA PROD FARM E COSM - PA,0.0,402,4032.458350248756
VAREJO INDIRETO,JORGE BATISTA E CIA LTDA - BA,0.0,321,169911.84841121497
VAREJO INDIRETO,JORGE BATISTA E CIA LTDA - CE,0.0,302,162303.30552980135
VAREJO INDIRETO,JORGE BATISTA E CIA LTDA - MA,0.0,365,477901.00917808217
VAREJO INDIRETO,JORGE BATISTA E CIA LTDA - PA,0.0,322,317181.57
VAREJO INDIRETO,JORGE BATISTA E CIA LTDA - PB,0.0,317,172709.39413249213
VAREJO INDIRETO,JORGE BATISTA E CIA LTDA - PE,0.0,314,131540.86299363055
VAREJO INDIRETO,JORGE BATISTA E CIA LTDA - PI,0.0,335,317055.97880597017
VAREJO INDIRETO,JORGE BATISTA E CIA LTDA - RN,0.0,314,178577.6769745223
VAREJO INDIRETO,LAFMED DISTRIBUIDORA DE PRODUTOS - BA,0.0,73,269968.1112328767
VAREJO INDIRETO,LIDER ORGANIZACAO COMERCIAL LT - MG,0.0,55,27829.26818181818
VAREJO INDIRETO,LIDER ORGANIZACAO COMERCIAL LTDA - MG,47.666666666666664,18,696.9466666666667
VAREJO INDIRETO,MAPEMI BRASIL MATERIAIS MEDICOS - AM,0.0,113,175647.23061946902
VAREJO INDIRETO,MAPEMI BRASIL MATERIAIS MEDICOS - RR,0.0,68,73501.62691161766
VAREJO INDIRETO,MARKA DISTRIBUIDORA DE MEDICAM - SP,17.266666666666666,2,73778.27500000001
VAREJO INDIRETO,MAXIFARMA DIST DE MED LTDA - SP,48.7,16,7836.5650000000005
VAREJO INDIRETO,MEDCENTRO/FDA/TOTAL LOGISTICA - AM,0.0,94,162347.48744680852
VAREJO INDIRETO,MEDCENTRO/FDA/TOTAL LOGISTICA - GO,0.0,124,722812.7533870968
VAREJO INDIRETO,MEDCENTRO/FDA/TOTAL LOGISTICA - MA,0.0,125,222000.89591999998
VAREJO INDIRETO,MEDCENTRO/FDA/TOTAL LOGISTICA - PA,0.0,125,348318.6232
VAREJO INDIRETO,MEDCENTRO/FDA/TOTAL LOGISTICA - TO,0.0,101,119416.910990099
VAREJO INDIRETO,MEDCHAP - PR,0.0,18,1226336.705
VAREJO INDIRETO,MEDCHAP - SC,0.0,130,736079.3645384616
VAREJO INDIRETO,MEDICAMENTAL DF - DF,47.666666666666664,11,68532.28072727275
VAREJO INDIRETO,MEDICAMENTAL DISTR LTDA - GO,0.0,389,565459.3665089974
VAREJO INDIRETO,MEDICAMENTAL DISTR LTDA - PR,0.0,101,211011.85070970297
VAREJO INDIRETO,MEDICAMENTAL DISTR LTDA - RJ,0.0,249,345672.6471084337
VAREJO INDIRETO,MEDICAMENTAL DISTR LTDA - SP,0.0,315,406625.32229171426
VAREJO INDIRETO,MEDITEM COM E REPR LTDA - MG,0.0,110,137031.67654545454
VAREJO INDIRETO,MEDMAIS DISTRIB DE MEDICAMENTOS - SC,42.63333333333333,22,85165.95954545455
VAREJO INDIRETO,MILLENIUM COM E LOGOP DO GMILL - BA,2.033333333333333,28,255388.47500000003
VAREJO INDIRETO,MILLENIUM COM E LOGOP DO GMILL - ES,1.0,120,454004.7048333333
VAREJO INDIRETO,MILLENIUM COM E LOGOP DO GMILL - RJ,0.0,112,1365705.745357143
VAREJO INDIRETO,MINAS - AC,9.166666666666666,47,65972.28957446809
VAREJO INDIRETO,MINAS - RO,0.0,122,208441.89540983608
VAREJO INDIRETO,MIXFARMA COMERCIAL - AL,0.0,140,445669.9792857143
VAREJO INDIRETO,MIXFARMA COMERCIAL - BA,0.0,152,878747.2312500001
VAREJO INDIRETO,MIXFARMA COMERCIAL - PE,0.0,121,233383.88504132233
VAREJO INDIRETO,MIXFARMA COMERCIAL - SE,0.0,140,257958.24071428573
VAREJO INDIRETO,MODENA E SILVA DISTRIBUIDORA DE - RO,22.266666666666666,85,38965.72623529412
VAREJO INDIRETO,MODENA E SILVA LTDA - RO,0.0,123,35332.94829260163
VAREJO INDIRETO,MSR FARMA COMERCIAL LTDA - BA,33.5,29,206306.0872413793
VAREJO INDIRETO,N C DO REGO EIRELI - AP,0.0,213,32696.361079812206
VAREJO INDIRETO,NAVARRO MG DISTRIBUIDORA DE MEDICAM - MG,36.53333333333333,45,127000.9431111111
VAREJO INDIRETO,NEOBRAS - PR,0.0,118,224396.84559322035
VAREJO INDIRETO,NEOBRAS - SC,0.0,117,195778.47735042736
VAREJO INDIRETO,NEOSUL SA - RS,0.0,134,238530.47731343284
VAREJO INDIRETO,NEOSUL SA - SC,0.0,68,453429.2375
VAREJO INDIRETO,NNMED DISTRIBUICAO IMPORTACAO E EXP - PB,0.0,74,3765.253243243243
VAREJO INDIRETO,NORDESTE - CE,0.0,125,541365.68672
VAREJO INDIRETO,NORDESTE - MA,0.0,113,109207.29371681415
VAREJO INDIRETO,NORDESTE - PI,0.0,121,209019.1461157025
VAREJO INDIRETO,NORDESTE POTIGUAR FARMAC LTDA - RN,23.3,72,58063.70055555555
VAREJO INDIRETO,NORTE SUL MEDICAMENTOS LTDA - MT,0.0,118,343945.6738135593
VAREJO INDIRETO,OFS RJ LTDA - RJ,45.7,23,33001.58130434783
VAREJO INDIRETO,ORGAFARMA ORG FARM LTDA - BA,0.0,342,204966.34081871345
VAREJO INDIRETO,ORGAFARMA ORG FARM LTDA - MG,0.0,381,736192.5199212597
VAREJO INDIRETO,ORGAFARMA ORG FARM LTDA - PB,0.0,147,55258.8425170068
VAREJO INDIRETO,ORGAFARMA ORG FARM LTDA - PE,0.0,288,194379.9751736111
VAREJO INDIRETO,ORIENTE - MG,0.0,157,2532792.408152866
VAREJO INDIRETO,PALMED PLMAS MEDICAMENTOS LTDA - MA,0.0,123,248430.3399186992
VAREJO INDIRETO,PALMED PLMAS MEDICAMENTOS LTDA - PA,0.0,128,367856.419296875
VAREJO INDIRETO,PALMED PLMAS MEDICAMENTOS LTDA - PB,0.0,108,132561.8962962963
VAREJO INDIRETO,PALMED PLMAS MEDICAMENTOS LTDA - PI,0.0,125,191183.122
VAREJO INDIRETO,PALMED PLMAS MEDICAMENTOS LTDA - RO,0.0,102,100301.8030392157
VAREJO INDIRETO,PALMED PLMAS MEDICAMENTOS LTDA - TO,0.0,140,359976.8601428571
VAREJO INDIRETO,PANARELLO - PE,42.63333333333333,63,228985.1692063492
VAREJO INDIRETO,PANPHARMA DIST DE MED LTDA - AL,0.0,61,169157.3642622951
VAREJO INDIRETO,PANPHARMA DIST DE MED LTDA - BA,0.0,334,778319.7982035928
VAREJO INDIRETO,PANPHARMA DIST DE MED LTDA - CE,0.0,344,647969.7450872093
VAREJO INDIRETO,PANPHARMA DIST DE MED LTDA - ES,0.0,43,417223.36930232553
VAREJO INDIRETO,PANPHARMA DIST DE MED LTDA - GO,0.0,280,348832.4836071429
VAREJO INDIRETO,PANPHARMA DIST DE MED LTDA - MG,0.0,341,754378.1962756598
VAREJO INDIRETO,PANPHARMA DIST DE MED LTDA - MS,0.0,334,234930.50437125747
VAREJO INDIRETO,PANPHARMA DIST DE MED LTDA - MT,0.0,353,437928.866203966
VAREJO INDIRETO,PANPHARMA DIST DE MED LTDA - PA,0.0,237,234191.0741350211
VAREJO INDIRETO,PANPHARMA DIST DE MED LTDA - PE,0.0,278,223223.41449640287
VAREJO INDIRETO,PANPHARMA DIST DE MED LTDA - PR,0.0,334,585397.7346407186
VAREJO INDIRETO,PANPHARMA DIST DE MED LTDA - RJ,0.0,335,827488.4862686567
VAREJO INDIRETO,PANPHARMA DIST DE MED LTDA - RS,0.0,344,569367.3924418605
VAREJO INDIRETO,PANPHARMA DIST DE MED LTDA - SP,0.0,359,1440955.5503342617
VAREJO INDIRETO,PBMED DISTRIBUIDORA LTDA EPP - PB,0.0,147,287747.2454421769
VAREJO INDIRETO,PHARMA LOG PRODUTOS FARMACEUTI - RS,0.0,277,94042.15891696751
VAREJO INDIRETO,PHARMA LOG PRODUTOS FARMACEUTICOS - PR,19.3,9,151687.38555555555
VAREJO INDIRETO,PROFARMA - AL,0.0,238,161488.62626050418
VAREJO INDIRETO,PROFARMA - BA,0.0,326,540624.8639263804
VAREJO INDIRETO,PROFARMA - DF,0.0,172,225291.2231395349
VAREJO INDIRETO,PROFARMA - ES,0.0,310,336126.1479354839
VAREJO INDIRETO,PROFARMA - GO,0.0,321,1348274.5690654207
VAREJO INDIRETO,PROFARMA - MG,0.0,322,504282.53754658386
VAREJO INDIRETO,PROFARMA - PB,0.0,291,151971.85329896907
VAREJO INDIRETO,PROFARMA - PE,0.0,331,319821.04734138976
VAREJO INDIRETO,PROFARMA - PR,0.0,50,25648.799
VAREJO INDIRETO,PROFARMA - RJ,0.0,248,1398116.7164919358
VAREJO INDIRETO,PROFARMA - RN,0.0,174,77686.1290229885
VAREJO INDIRETO,PROFARMA - RS,1.0,65,21003.715076923076
VAREJO INDIRETO,PROFARMA - SP,1.0,63,42509.73666666667
VAREJO INDIRETO,RDF DISTR DE PROD PARA SAUDE  LTDA - RN,52.766666666666666,7,231355.80857142856
VAREJO INDIRETO,REAL DISTR E LOG LTDA - GO,0.0,141,49119.04765957447
VAREJO INDIRETO,RECIFE FARMA LTDA EPP - PE,1.0,52,62610.32865384616
VAREJO INDIRETO,RECOL - AC,38.56666666666667,32,26660.38
VAREJO INDIRETO,RECOL - RO,0.0,244,38879.101885204924
VAREJO INDIRETO,REDE ECOACRE - AC,0.0,359,100477.97679662952
VAREJO INDIRETO,REDE MEIRELLES - RN,51.733333333333334,10,116339.44300000001
VAREJO INDIRETO,REDE SANTA CRUZ - AM,0.0,140,70437.53878571428
VAREJO INDIRETO,REDE SANTA CRUZ - BA,0.0,366,483978.1886885246
VAREJO INDIRETO,REDE SANTA CRUZ - ES,0.0,350,247616.5659142857
VAREJO INDIRETO,REDE SANTA CRUZ - GO,0.0,300,358872.5255666667
VAREJO INDIRETO,REDE SANTA CRUZ - MG,0.0,350,813304.9119714285
VAREJO INDIRETO,REDE SANTA CRUZ - MT,0.0,174,258127.78183908045
VAREJO INDIRETO,REDE SANTA CRUZ - PB,0.0,331,170982.39277945622
VAREJO INDIRETO,REDE SANTA CRUZ - PE,0.0,346,332235.20800578035
VAREJO INDIRETO,REDE SANTA CRUZ - PR,0.0,401,687070.0709975063
VAREJO INDIRETO,REDE SANTA CRUZ - RJ,0.0,423,841847.6970449173
VAREJO INDIRETO,REDE SANTA CRUZ - RN,0.0,218,96476.87995412844
VAREJO INDIRETO,REDE SANTA CRUZ - RS,0.0,391,635139.7454475705
VAREJO INDIRETO,REDE SANTA CRUZ - SC,0.0,394,390365.0752791878
VAREJO INDIRETO,REDE SANTA CRUZ - SP,0.0,410,1763372.3366256098
VAREJO INDIRETO,RIBEIRO E SANTOS LTDA EPP - AL,53.8,7,106820.72857142858
VAREJO INDIRETO,RIO DROGS DISTR PROD QUIM FARM - RJ,0.0,224,378298.0003125
VAREJO INDIRETO,RIOSFARMA COM DE MEDICAMENTOS LTDA - CE,0.0,123,346224.4300813008
VAREJO INDIRETO,ROSA DOS SANTOS EIRELI - RS,47.666666666666664,17,103143.0905882353
VAREJO INDIRETO,SB COMERCIO LTDA - AM,0.0,334,1119.8034979041913
VAREJO INDIRETO,SB COMERCIO LTDA - PA,0.0,247,16.848582995951418
VAREJO INDIRETO,SB COMERCIO LTDA - RO,0.0,230,3.6219130434782607
VAREJO INDIRETO,SERVIMED - ES,0.0,225,360800.9052444445
VAREJO INDIRETO,SERVIMED - GO,36.53333333333333,19,780441.7457894738
VAREJO INDIRETO,SERVIMED - MG,0.0,151,198650.0854304636
VAREJO INDIRETO,SERVIMED - MS,0.0,36,137164.92833333334
VAREJO INDIRETO,SERVIMED - RJ,0.0,126,132556.32730158733
VAREJO INDIRETO,SERVIMED - SP,0.0,321,1067768.0931775703
VAREJO INDIRETO,SOLFARMA COM DE PROD FARM S A - SP,0.0,324,921665.0873148149
VAREJO INDIRETO,STOCKFARMA LTDA EPP - MG,0.0,117,482412.092991453
VAREJO INDIRETO,SUDESTE SAUDE DISTRIBUIDORA FARMAC - ES,23.3,73,207524.91616438358
VAREJO INDIRETO,SULMEDICAMENTOS DISTR DE PROD - SC,34.46666666666667,56,163788.40892857144
VAREJO INDIRETO,TANDAR COMERCIO DE PRODUTOS FARMACE - AM,0.0,118,182872.42093220341
VAREJO INDIRETO,TOP FARMA DISTR DE MEDICAMENTOS - MS,0.0,120,370663.8389166667
VAREJO INDIRETO,TOTAL DISTRIB DE MEDIC COM E REPRESENT - CE,0.0,398,271567.9536180904
VAREJO INDIRETO,TOTAL DISTRIB DE MEDIC COM E REPRESENT - MA,0.0,119,174092.10159663865
VAREJO INDIRETO,TOTAL DISTRIB DE MEDIC COM E REPRESENT - PI,0.0,256,97335.61765625
VAREJO INDIRETO,TOTAL DISTRIBUIDORA DE PRODUTOS FAR - BA,0.0,40,325904.764
VAREJO INDIRETO,ULTRAFARMA SAUDE EIRELI - SP,7.133333333333334,202,405.4718811881188
VAREJO INDIRETO,UNIMED CUIABA COOPERATIVA TRAB - MT,0.0,219,48272.39159817351
VAREJO INDIRETO,V E V COMERCIO DE MEDICAMENTOS - PR,2.033333333333333,26,870630.888846154
VAREJO INDIRETO,VIPFAR DISTRIBUIDORA FARMACEUTICA E - BA,41.63333333333333,14,283572.84428571427
VAREJO INDIRETO,W M DE CASTRO NETO PROD FARM EPP - SP,38.56666666666667,48,76336.70854166667
VAREJO INDIRETO,WM COMERCIO DE MEDICAMENTOS LTDA - PR,20.3,87,145211.67908045978
